{"is_source_file": true, "format": "bash", "description": "A shell script that automatically detects the running database (SQLite, PostgreSQL, MySQL, MongoDB) and creates backups accordingly. It handles different database types and fallback mechanisms for MySQL authentication.", "external_files": ["/usr/lib/postgresql/", "/usr/lib/postgresql/${PG_VERSION}/bin", "/var/run/mysqld/mysqld.sock"], "external_methods": ["ls", "cp", "sudo", "pg_isready", "pg_dump", "mysqladmin", "mysql", "mysqldump", "mongosh", "mongodump"], "published": [], "classes": [], "methods": [], "calls": ["ls", "cp", "sudo", "pg_isready", "pg_dump", "mysqladmin", "mysql", "mysqldump", "mongosh", "mongodump"], "search-terms": ["backup_db.sh", "database backup script", "SQLite backup", "PostgreSQL backup", "MySQL backup", "MongoDB backup", "automatic database detection", "database backup shell script", "database check", "fallback authentication"], "state": 2, "file_id": 8, "knowledge_revision": 17, "git_revision": "d4f39b6629daf643d0117a0ecc39d714d817c437", "hash": "d7da372b768c895a33088027314656c3", "format-version": 4, "code-base-name": "notes_database", "filename": "notes_database/backup_db.sh", "revision_history": [{"17": "d4f39b6629daf643d0117a0ecc39d714d817c437"}]}