{"is_source_file": true, "format": "bash", "description": "A shell script that detects the presence of various backup files and restores a corresponding database (SQLite, PostgreSQL, MySQL, MongoDB) accordingly. It includes checks for database server availability and uses different methods to restore from backup files depending on the database system.", "external_files": ["database_backup.db", "database_backup.sql", "database_backup.archive"], "external_methods": ["cp", "ls", "sudo -u postgres pg_isready", "psql", "mysqladmin", "mysql", "mongosh", "mongorestore"], "published": ["restore_db.sh"], "classes": [], "methods": [], "calls": ["cp", "ls", "sudo -u postgres pg_isready", "psql", "mysqladmin", "mysql", "mongosh", "mongorestore"], "search-terms": ["restore", "database restore script", "backup detection", "SQLite", "PostgreSQL", "MySQL", "MongoDB", "database_backup.sql", "database_backup.db", "database_backup.archive"], "state": 2, "file_id": 6, "knowledge_revision": 14, "git_revision": "d4f39b6629daf643d0117a0ecc39d714d817c437", "hash": "d42c3e6cbc3bbd627e3c08afcf4183ec", "format-version": 4, "code-base-name": "notes_database", "filename": "notes_database/restore_db.sh", "revision_history": [{"14": "d4f39b6629daf643d0117a0ecc39d714d817c437"}]}