{"is_source_file": true, "format": "Python", "description": "This file is a Python script implementing an interactive command-line shell for managing and querying an SQLite database used for storing notes. It provides commands for listing tables, showing schemas, describing tables, executing arbitrary SQL queries, and includes a help message. The script serves as a utility for database inspection and manipulation within the notes application project.", "external_files": ["sqlite3"], "external_methods": ["sqlite3.connect"], "published": ["print_help", "list_tables", "show_schema", "describe_table", "execute_query", "main"], "classes": [], "methods": [{"name": "print_help()", "description": "Prints available commands and usage help for the interactive shell.", "scope": "", "scopeKind": ""}, {"name": "list_tables(cursor)", "description": "Lists all non-internal tables in the database.", "scope": "", "scopeKind": ""}, {"name": "show_schema(cursor, table_name=None)", "description": "Displays the CREATE statements for all tables or a specific table.", "scope": "", "scopeKind": ""}, {"name": "describe_table(cursor, table_name)", "description": "Shows the structure (columns and types) of a specified table.", "scope": "", "scopeKind": ""}, {"name": "execute_query(cursor, query)", "description": "Executes a given SQL query and displays results or affected rows.", "scope": "", "scopeKind": ""}, {"name": "main()", "description": "Main loop of the interactive shell, handling user input and executing commands.", "scope": "", "scopeKind": ""}], "calls": ["sqlite3.connect", "cursor.execute", "cursor.fetchall", "cursor.description", "sys.exit"], "search-terms": ["db_shell", "interactive sqlite", "notes database shell", "sqlite commands", "database inspection"], "state": 2, "file_id": 5, "knowledge_revision": 18, "git_revision": "d4f39b6629daf643d0117a0ecc39d714d817c437", "ctags": [{"_type": "tag", "name": "DB_NAME", "path": "/home/kavia/workspace/code-generation/simple-notes-app-203941-203959/notes_database/db_shell.py", "pattern": "/^DB_NAME = \"myapp.db\"$/", "language": "Python", "kind": "variable"}, {"_type": "tag", "name": "describe_table", "path": "/home/kavia/workspace/code-generation/simple-notes-app-203941-203959/notes_database/db_shell.py", "pattern": "/^def describe_table(cursor, table_name):$/", "language": "Python", "kind": "function", "signature": "(cursor, table_name)"}, {"_type": "tag", "name": "execute_query", "path": "/home/kavia/workspace/code-generation/simple-notes-app-203941-203959/notes_database/db_shell.py", "pattern": "/^def execute_query(cursor, query):$/", "language": "Python", "kind": "function", "signature": "(cursor, query)"}, {"_type": "tag", "name": "list_tables", "path": "/home/kavia/workspace/code-generation/simple-notes-app-203941-203959/notes_database/db_shell.py", "pattern": "/^def list_tables(cursor):$/", "language": "Python", "kind": "function", "signature": "(cursor)"}, {"_type": "tag", "name": "main", "path": "/home/kavia/workspace/code-generation/simple-notes-app-203941-203959/notes_database/db_shell.py", "pattern": "/^def main():$/", "language": "Python", "kind": "function", "signature": "()"}, {"_type": "tag", "name": "print_help", "path": "/home/kavia/workspace/code-generation/simple-notes-app-203941-203959/notes_database/db_shell.py", "pattern": "/^def print_help():$/", "language": "Python", "kind": "function", "signature": "()"}, {"_type": "tag", "name": "show_schema", "path": "/home/kavia/workspace/code-generation/simple-notes-app-203941-203959/notes_database/db_shell.py", "pattern": "/^def show_schema(cursor, table_name=None):$/", "language": "Python", "kind": "function", "signature": "(cursor, table_name=None)"}], "hash": "c9fce1c44c83f2c654867aaedc6746e9", "format-version": 4, "code-base-name": "notes_database", "filename": "notes_database/db_shell.py", "fields": [{"name": "DB_NAME = \"myapp.db\"", "scope": "", "scopeKind": "", "description": "unavailable"}], "revision_history": [{"18": "d4f39b6629daf643d0117a0ecc39d714d817c437"}]}