{"is_source_file": true, "format": "HTML", "description": "HTML file for the Database Viewer web interface, including layout, styling, and client-side JavaScript for managing database views, tables, and data visualization.", "external_files": [], "external_methods": ["fetch"], "published": [], "classes": [], "methods": [{"name": "loadDatabases", "description": "Fetches the list of databases from the API and populates the sidebar."}, {"name": "refreshDatabases", "description": "Refreshes the database list, resetting current selections."}, {"name": "toggleDatabase", "description": "Expands or collapses the database to show/hide its tables."}, {"name": "loadTables", "description": "Fetches and displays tables for a selected database."}, {"name": "loadTableData", "description": "Loads and displays data for a selected table."}, {"name": "renderTable", "description": "Renders a data table with dynamic columns based on fetched data."}, {"name": "renderCell", "description": "Creates table cell HTML, handling long text and objects."}, {"name": "expandCell", "description": "Expands or collapses cell content for long strings or objects."}], "calls": ["fetch", "showLoading", "showError", "showEmptyState", "setActiveState", "loadDatabases", "loadTables", "loadTableData", "renderTable", "renderCell", "expandCell"], "search-terms": ["HTML database viewer", "client-side database visualization", "dynamic table rendering", "database list sidebar", "table data expansion", "interactive data table"], "state": 2, "file_id": 4, "knowledge_revision": 15, "git_revision": "d4f39b6629daf643d0117a0ecc39d714d817c437", "hash": "ee63333a4841bf025439c755a74c9881", "format-version": 4, "code-base-name": "notes_database", "filename": "notes_database/db_visualizer/public/index.html", "revision_history": [{"15": "d4f39b6629daf643d0117a0ecc39d714d817c437"}]}