{"is_source_file": false, "format": "", "description": "", "external_files": [], "external_methods": [], "published": [], "classes": [], "methods": [], "calls": [], "search-terms": [], "state": 2, "file_id": 2, "knowledge_revision": 12, "git_revision": "d4f39b6629daf643d0117a0ecc39d714d817c437", "hash": "0c9f36dfd1a6dee9fa952c06ab7d9563", "format-version": 4, "code-base-name": "notes_database", "filename": "notes_database/db_visualizer/package.json", "revision_history": [{"12": "d4f39b6629daf643d0117a0ecc39d714d817c437"}]}