{"is_source_file": false, "format": "", "description": "", "external_files": [], "external_methods": [], "published": [], "classes": [], "methods": [], "calls": [], "search-terms": ["README.md", "simple-notes-app"], "state": 2, "file_id": 1, "knowledge_revision": 11, "git_revision": "29c6b02e3a15959f93194dae995175f4e2c61c9f", "hash": "9b5439dee3e4edcbcff7243466124b8c", "format-version": 4, "code-base-name": "notes_database", "filename": "README.md", "revision_history": [{"11": "29c6b02e3a15959f93194dae995175f4e2c61c9f"}]}